iter,num_query_terms,document_field,term_field,strgy,top1_acc,top5_acc,top10_acc,num_train_documents,num_test_documents,query_terms_ratio
1,0.0,user,track,1,0.09462915601023016,0.2378516624040921,0.3204238217025941,13352,3338,0.8
1,1.0,user,track,1,0.08727810650887574,0.16124260355029585,0.2307692307692308,13352,3338,0.8
1,2.0,user,track,1,0.0899854862119013,0.22496371552975328,0.2902757619738752,13352,3338,0.8
1,3.0,user,track,1,0.09002433090024331,0.2554744525547445,0.3284671532846715,13352,3338,0.8
1,4.0,user,track,1,0.08955223880597014,0.2798507462686567,0.35074626865671643,13352,3338,0.8
1,5.0,user,track,1,0.10096153846153846,0.2451923076923077,0.34134615384615385,13352,3338,0.8
1,6.0,user,track,1,0.13125,0.3625,0.46875,13352,3338,0.8
1,7.0,user,track,1,0.12149532710280375,0.3177570093457944,0.4672897196261682,13352,3338,0.8
1,8.0,user,track,1,0.14035087719298245,0.3684210526315789,0.5087719298245614,13352,3338,0.8
1,9.0,user,track,1,0.13636363636363635,0.2954545454545455,0.4318181818181818,13352,3338,0.8
1,10.0,user,track,1,0.07692307692307693,0.20512820512820512,0.38461538461538464,13352,3338,0.8
1,11.0,user,track,1,0.13043478260869565,0.21739130434782608,0.39130434782608703,13352,3338,0.8
1,12.0,user,track,1,0.06666666666666668,0.4,0.4666666666666667,13352,3338,0.8
1,13.0,user,track,1,0.0,0.3333333333333333,0.5333333333333333,13352,3338,0.8
1,14.0,user,track,1,0.125,0.25,0.25,13352,3338,0.8
1,15.0,user,track,1,0.0,0.2857142857142857,0.42857142857142855,13352,3338,0.8
1,16.0,user,track,1,0.0,0.3333333333333333,0.3333333333333333,13352,3338,0.8
1,17.0,user,track,1,0.0,0.0,0.0,13352,3338,0.8
1,18.0,user,track,1,0.0,0.25,0.5,13352,3338,0.8
1,19.0,user,track,1,0.0,0.0,0.5,13352,3338,0.8
1,0.0,user,track,0,0.09462915601023016,0.2378516624040921,0.3204238217025941,13352,3338,0.8
1,1.0,user,track,0,0.08727810650887574,0.16124260355029585,0.2307692307692308,13352,3338,0.8
1,2.0,user,track,0,0.0899854862119013,0.22496371552975328,0.2902757619738752,13352,3338,0.8
1,3.0,user,track,0,0.09002433090024331,0.2554744525547445,0.3284671532846715,13352,3338,0.8
1,4.0,user,track,0,0.08955223880597014,0.2798507462686567,0.35074626865671643,13352,3338,0.8
1,5.0,user,track,0,0.10096153846153846,0.2451923076923077,0.34134615384615385,13352,3338,0.8
1,6.0,user,track,0,0.13125,0.3625,0.46875,13352,3338,0.8
1,7.0,user,track,0,0.12149532710280375,0.3177570093457944,0.4672897196261682,13352,3338,0.8
1,8.0,user,track,0,0.14035087719298245,0.3684210526315789,0.5087719298245614,13352,3338,0.8
1,9.0,user,track,0,0.13636363636363635,0.2954545454545455,0.4318181818181818,13352,3338,0.8
1,10.0,user,track,0,0.07692307692307693,0.20512820512820512,0.38461538461538464,13352,3338,0.8
1,11.0,user,track,0,0.13043478260869565,0.21739130434782608,0.39130434782608703,13352,3338,0.8
1,12.0,user,track,0,0.06666666666666668,0.4,0.4666666666666667,13352,3338,0.8
1,13.0,user,track,0,0.0,0.3333333333333333,0.5333333333333333,13352,3338,0.8
1,14.0,user,track,0,0.125,0.25,0.25,13352,3338,0.8
1,15.0,user,track,0,0.0,0.2857142857142857,0.42857142857142855,13352,3338,0.8
1,16.0,user,track,0,0.0,0.3333333333333333,0.3333333333333333,13352,3338,0.8
1,17.0,user,track,0,0.0,0.0,0.0,13352,3338,0.8
1,18.0,user,track,0,0.0,0.25,0.5,13352,3338,0.8
1,19.0,user,track,0,0.0,0.0,0.5,13352,3338,0.8
1,0.0,user,track,4,0.03361344537815126,0.10084033613445376,0.14212641578370475,13352,3338,0.8
1,1.0,user,track,4,0.0,0.0014792899408284025,0.004437869822485207,13352,3338,0.8
1,2.0,user,track,4,0.0,0.002902757619738752,0.004354136429608128,13352,3338,0.8
1,3.0,user,track,4,0.0,0.0,0.0,13352,3338,0.8
1,4.0,user,track,4,0.07835820895522387,0.2835820895522388,0.3544776119402985,13352,3338,0.8
1,5.0,user,track,4,0.09134615384615384,0.2451923076923077,0.36538461538461536,13352,3338,0.8
1,6.0,user,track,4,0.10625,0.35,0.45625,13352,3338,0.8
1,7.0,user,track,4,0.1308411214953271,0.2803738317757009,0.4299065420560748,13352,3338,0.8
1,8.0,user,track,4,0.14035087719298245,0.3333333333333333,0.456140350877193,13352,3338,0.8
1,9.0,user,track,4,0.11363636363636365,0.2954545454545455,0.4090909090909091,13352,3338,0.8
1,10.0,user,track,4,0.10256410256410256,0.20512820512820512,0.4871794871794872,13352,3338,0.8
1,11.0,user,track,4,0.08695652173913042,0.13043478260869565,0.2608695652173913,13352,3338,0.8
1,12.0,user,track,4,0.06666666666666668,0.3333333333333333,0.4,13352,3338,0.8
1,13.0,user,track,4,0.06666666666666668,0.3333333333333333,0.4666666666666667,13352,3338,0.8
1,14.0,user,track,4,0.0,0.125,0.375,13352,3338,0.8
1,15.0,user,track,4,0.0,0.2857142857142857,0.5714285714285714,13352,3338,0.8
1,16.0,user,track,4,0.0,0.3333333333333333,0.3333333333333333,13352,3338,0.8
1,17.0,user,track,4,0.0,0.0,0.0,13352,3338,0.8
1,18.0,user,track,4,0.0,0.5,0.5,13352,3338,0.8
1,19.0,user,track,4,0.0,0.5,0.5,13352,3338,0.8
1,0.0,user,track,2,0.0741687979539642,0.19839240043843626,0.2630617464377055,13352,3338,0.8
1,1.0,user,track,2,0.007396449704142011,0.008875739644970414,0.008875739644970414,13352,3338,0.8
1,2.0,user,track,2,0.08853410740203194,0.22351233671988388,0.2888243831640058,13352,3338,0.8
1,3.0,user,track,2,0.0924574209245742,0.25060827250608275,0.3236009732360097,13352,3338,0.8
1,4.0,user,track,2,0.08208955223880597,0.2798507462686567,0.3544776119402985,13352,3338,0.8
1,5.0,user,track,2,0.09134615384615384,0.2548076923076923,0.3605769230769231,13352,3338,0.8
1,6.0,user,track,2,0.1125,0.3625,0.4625,13352,3338,0.8
1,7.0,user,track,2,0.14018691588785046,0.308411214953271,0.4392523364485981,13352,3338,0.8
1,8.0,user,track,2,0.15789473684210525,0.3157894736842105,0.456140350877193,13352,3338,0.8
1,9.0,user,track,2,0.1590909090909091,0.3181818181818182,0.4090909090909091,13352,3338,0.8
1,10.0,user,track,2,0.1282051282051282,0.2564102564102564,0.4358974358974359,13352,3338,0.8
1,11.0,user,track,2,0.08695652173913042,0.13043478260869565,0.2608695652173913,13352,3338,0.8
1,12.0,user,track,2,0.06666666666666668,0.3333333333333333,0.4666666666666667,13352,3338,0.8
1,13.0,user,track,2,0.0,0.2,0.4666666666666667,13352,3338,0.8
1,14.0,user,track,2,0.125,0.25,0.375,13352,3338,0.8
1,15.0,user,track,2,0.0,0.2857142857142857,0.42857142857142855,13352,3338,0.8
1,16.0,user,track,2,0.0,0.3333333333333333,0.3333333333333333,13352,3338,0.8
1,17.0,user,track,2,0.0,0.0,0.0,13352,3338,0.8
1,18.0,user,track,2,0.0,0.5,0.5,13352,3338,0.8
1,19.0,user,track,2,0.0,0.5,0.5,13352,3338,0.8
1,0.0,user,track,3,0.04932407745706978,0.13335769090244792,0.1870661308001461,13352,3338,0.8
1,1.0,user,track,3,0.0,0.0,0.0,13352,3338,0.8
1,2.0,user,track,3,0.0,0.0,0.0,13352,3338,0.8
1,3.0,user,track,3,0.09975669099756693,0.2433090024330901,0.3236009732360097,13352,3338,0.8
1,4.0,user,track,3,0.08208955223880597,0.2462686567164179,0.35074626865671643,13352,3338,0.8
1,5.0,user,track,3,0.09615384615384616,0.2355769230769231,0.34134615384615385,13352,3338,0.8
1,6.0,user,track,3,0.09375,0.3375,0.45625,13352,3338,0.8
1,7.0,user,track,3,0.12149532710280375,0.29906542056074764,0.3925233644859813,13352,3338,0.8
1,8.0,user,track,3,0.15789473684210525,0.3508771929824561,0.4912280701754386,13352,3338,0.8
1,9.0,user,track,3,0.1590909090909091,0.2954545454545455,0.4090909090909091,13352,3338,0.8
1,10.0,user,track,3,0.07692307692307693,0.28205128205128205,0.4615384615384616,13352,3338,0.8
1,11.0,user,track,3,0.08695652173913042,0.08695652173913042,0.3478260869565217,13352,3338,0.8
1,12.0,user,track,3,0.06666666666666668,0.3333333333333333,0.5333333333333333,13352,3338,0.8
1,13.0,user,track,3,0.06666666666666668,0.4,0.5333333333333333,13352,3338,0.8
1,14.0,user,track,3,0.125,0.25,0.375,13352,3338,0.8
1,15.0,user,track,3,0.0,0.2857142857142857,0.5714285714285714,13352,3338,0.8
1,16.0,user,track,3,0.0,0.3333333333333333,0.3333333333333333,13352,3338,0.8
1,17.0,user,track,3,0.0,0.0,0.0,13352,3338,0.8
1,18.0,user,track,3,0.0,0.25,0.5,13352,3338,0.8
1,19.0,user,track,3,0.0,0.5,0.5,13352,3338,0.8
1,0.0,session,track,4,0.0039030955585464336,0.005720053835800807,0.008681022880215343,496791,124198,0.8
1,1.0,session,track,4,0.00016767270288397049,0.00041918175720992624,0.0031857813547954395,496791,124198,0.8
1,2.0,session,track,4,0.0,0.0008403361344537818,0.0016806722689075633,496791,124198,0.8
1,3.0,session,track,4,0.0,0.0,0.0,496791,124198,0.8
1,4.0,session,track,4,0.5172413793103449,0.6666666666666666,0.7356321839080459,496791,124198,0.8
1,5.0,session,track,4,0.4375,0.6875,0.8125,496791,124198,0.8
1,6.0,session,track,4,0.2857142857142857,0.8571428571428571,1.0,496791,124198,0.8
1,7.0,session,track,4,1.0,1.0,1.0,496791,124198,0.8
1,8.0,session,track,4,0.5,1.0,1.0,496791,124198,0.8
1,0.0,session,track,1,0.28681022880215346,0.44360699865410497,0.496164199192463,496791,124198,0.8
1,1.0,session,track,1,0.2578806170355466,0.4079476861167002,0.4595070422535211,496791,124198,0.8
1,2.0,session,track,1,0.3915966386554622,0.5672268907563025,0.623109243697479,496791,124198,0.8
1,3.0,session,track,1,0.4510250569476082,0.6765375854214123,0.7357630979498861,496791,124198,0.8
1,4.0,session,track,1,0.4942528735632184,0.6551724137931034,0.7241379310344828,496791,124198,0.8
1,5.0,session,track,1,0.5,0.8125,0.875,496791,124198,0.8
1,6.0,session,track,1,0.42857142857142855,0.8571428571428571,0.8571428571428571,496791,124198,0.8
1,7.0,session,track,1,1.0,1.0,1.0,496791,124198,0.8
1,8.0,session,track,1,0.5,1.0,1.0,496791,124198,0.8
1,0.0,session,track,0,0.28667563930013457,0.4434724091520861,0.4958950201884253,496791,124198,0.8
1,1.0,session,track,0,0.2577129443326626,0.40778001341381626,0.4591716968477532,496791,124198,0.8
1,2.0,session,track,0,0.3911764705882353,0.5672268907563025,0.623109243697479,496791,124198,0.8
1,3.0,session,track,0,0.4533029612756264,0.6765375854214123,0.7357630979498861,496791,124198,0.8
1,4.0,session,track,0,0.4942528735632184,0.6551724137931034,0.7241379310344828,496791,124198,0.8
1,5.0,session,track,0,0.5,0.8125,0.875,496791,124198,0.8
1,6.0,session,track,0,0.42857142857142855,0.8571428571428571,0.8571428571428571,496791,124198,0.8
1,7.0,session,track,0,1.0,1.0,1.0,496791,124198,0.8
1,8.0,session,track,0,0.5,1.0,1.0,496791,124198,0.8
1,0.0,session,track,2,0.0813593539703903,0.11601615074024225,0.127792732166891,496791,124198,0.8
1,1.0,session,track,2,0.00016767270288397049,0.0007545271629778673,0.0010898725687458082,496791,124198,0.8
1,2.0,session,track,2,0.3949579831932773,0.5684873949579832,0.6226890756302521,496791,124198,0.8
1,3.0,session,track,2,0.4783599088838269,0.6560364464692483,0.724373576309795,496791,124198,0.8
1,4.0,session,track,2,0.5402298850574713,0.6206896551724138,0.7126436781609196,496791,124198,0.8
1,5.0,session,track,2,0.375,0.75,0.875,496791,124198,0.8
1,6.0,session,track,2,0.2857142857142857,0.8571428571428571,1.0,496791,124198,0.8
1,7.0,session,track,2,1.0,1.0,1.0,496791,124198,0.8
1,8.0,session,track,2,0.5,0.5,1.0,496791,124198,0.8
1,0.0,user,track,0,0.12111604311984782,0.2742549143944198,0.3658845909955612,13352,3338,0.5
1,1.0,user,track,0,0.08762886597938144,0.23195876288659795,0.27835051546391754,13352,3338,0.5
1,2.0,user,track,0,0.10726643598615918,0.2387543252595156,0.29411764705882354,13352,3338,0.5
1,3.0,user,track,0,0.09009009009009007,0.2042042042042042,0.2612612612612613,13352,3338,0.5
1,4.0,user,track,0,0.11003236245954692,0.2006472491909385,0.2880258899676376,13352,3338,0.5
1,5.0,user,track,0,0.1274131274131274,0.2586872586872587,0.33204633204633205,13352,3338,0.5
1,6.0,user,track,0,0.1004016064257028,0.21285140562248997,0.3092369477911647,13352,3338,0.5
1,7.0,user,track,0,0.11413043478260868,0.30978260869565216,0.4076086956521739,13352,3338,0.5
1,8.0,user,track,0,0.12650602409638553,0.3253012048192771,0.4277108433734939,13352,3338,0.5
1,9.0,user,track,0,0.12403100775193796,0.32558139534883723,0.4108527131782946,13352,3338,0.5
1,10.0,user,track,0,0.11965811965811965,0.29914529914529914,0.3931623931623932,13352,3338,0.5
1,11.0,user,track,0,0.1,0.24444444444444444,0.2888888888888889,13352,3338,0.5
1,12.0,user,track,0,0.14,0.37,0.48,13352,3338,0.5
1,13.0,user,track,0,0.1262135922330097,0.3300970873786408,0.5339805825242718,13352,3338,0.5
1,14.0,user,track,0,0.19230769230769232,0.3333333333333333,0.4615384615384616,13352,3338,0.5
1,15.0,user,track,0,0.136986301369863,0.3287671232876712,0.5068493150684932,13352,3338,0.5
1,16.0,user,track,0,0.24,0.32,0.5,13352,3338,0.5
1,17.0,user,track,0,0.14814814814814814,0.3333333333333333,0.4444444444444444,13352,3338,0.5
1,18.0,user,track,0,0.13043478260869565,0.43478260869565216,0.5652173913043478,13352,3338,0.5
1,19.0,user,track,0,0.17073170731707318,0.4390243902439024,0.5609756097560976,13352,3338,0.5
1,20.0,user,track,0,0.2682926829268293,0.4146341463414634,0.5121951219512195,13352,3338,0.5
1,21.0,user,track,0,0.1,0.26666666666666666,0.43333333333333335,13352,3338,0.5
1,22.0,user,track,0,0.25,0.3333333333333333,0.375,13352,3338,0.5
1,23.0,user,track,0,0.08,0.28,0.44,13352,3338,0.5
1,24.0,user,track,0,0.17391304347826084,0.3478260869565217,0.39130434782608703,13352,3338,0.5
1,25.0,user,track,0,0.1,0.25,0.35,13352,3338,0.5
1,26.0,user,track,0,0.2380952380952381,0.3333333333333333,0.5238095238095238,13352,3338,0.5
1,27.0,user,track,0,0.17391304347826084,0.3478260869565217,0.3478260869565217,13352,3338,0.5
1,28.0,user,track,0,0.07142857142857142,0.21428571428571427,0.2857142857142857,13352,3338,0.5
1,29.0,user,track,0,0.0625,0.375,0.5625,13352,3338,0.5
1,30.0,user,track,0,0.125,0.5,0.5,13352,3338,0.5
1,31.0,user,track,0,0.0,0.3333333333333333,0.3333333333333333,13352,3338,0.5
1,32.0,user,track,0,0.25,0.5,0.75,13352,3338,0.5
1,33.0,user,track,0,0.0,0.5,0.5,13352,3338,0.5
1,34.0,user,track,0,0.0,0.0,0.0,13352,3338,0.5
1,35.0,user,track,0,0.3333333333333333,0.6666666666666666,0.8888888888888888,13352,3338,0.5
1,36.0,user,track,0,0.0,0.0,0.25,13352,3338,0.5
1,37.0,user,track,0,0.3333333333333333,0.3333333333333333,0.3333333333333333,13352,3338,0.5
1,38.0,user,track,0,0.25,0.75,1.0,13352,3338,0.5
1,39.0,user,track,0,0.0,0.0,0.6666666666666666,13352,3338,0.5
1,40.0,user,track,0,0.0,0.0,0.0,13352,3338,0.5
1,42.0,user,track,0,0.0,0.5,1.0,13352,3338,0.5
1,43.0,user,track,0,0.0,0.0,0.0,13352,3338,0.5
1,46.0,user,track,0,0.0,0.0,0.0,13352,3338,0.5
1,47.0,user,track,0,0.0,0.0,0.0,13352,3338,0.5
1,0.0,session,track,0,0.3148976747597741,0.4747304335069317,0.528717083547275,496791,124198,0.5
1,1.0,session,track,0,0.2718984626385413,0.4180371826957455,0.4700572041473007,496791,124198,0.5
1,2.0,session,track,0,0.3246845746845747,0.4947089947089947,0.5498575498575499,496791,124198,0.5
1,3.0,session,track,0,0.3763754772063777,0.5582753200089827,0.6180103301145295,496791,124198,0.5
1,4.0,session,track,0,0.4280855199222546,0.6064139941690962,0.6656948493683188,496791,124198,0.5
1,5.0,session,track,0,0.4726224783861672,0.6560999039385207,0.7146974063400576,496791,124198,0.5
1,6.0,session,track,0,0.4410569105691057,0.6504065040650406,0.7032520325203252,496791,124198,0.5
1,7.0,session,track,0,0.4909090909090909,0.7054545454545454,0.7490909090909091,496791,124198,0.5
1,8.0,session,track,0,0.5031446540880503,0.7044025157232704,0.7358490566037735,496791,124198,0.5
1,9.0,session,track,0,0.5306122448979592,0.6836734693877551,0.7551020408163265,496791,124198,0.5
1,10.0,session,track,0,0.6481481481481481,0.7592592592592593,0.7592592592592593,496791,124198,0.5
1,11.0,session,track,0,0.5384615384615384,0.6538461538461539,0.7307692307692307,496791,124198,0.5
1,12.0,session,track,0,0.4666666666666667,0.6666666666666666,0.7333333333333333,496791,124198,0.5
1,13.0,session,track,0,0.5714285714285714,0.8571428571428571,0.8571428571428571,496791,124198,0.5
1,14.0,session,track,0,0.8333333333333334,0.8333333333333334,0.8333333333333334,496791,124198,0.5
1,15.0,session,track,0,0.0,1.0,1.0,496791,124198,0.5
1,16.0,session,track,0,0.0,1.0,1.0,496791,124198,0.5
1,17.0,session,track,0,0.5,1.0,1.0,496791,124198,0.5
1,18.0,session,track,0,1.0,1.0,1.0,496791,124198,0.5
1,20.0,session,track,0,1.0,1.0,1.0,496791,124198,0.5
1,24.0,session,track,0,0.5,1.0,1.0,496791,124198,0.5
1,0.0,session,track,2,0.16535856622411305,0.2443336022885645,0.2703244578107044,496791,124198,0.5
1,1.0,session,track,2,0.0,0.00013407222023596708,0.0005362888809438683,496791,124198,0.5
1,2.0,session,track,2,0.3235653235653236,0.4947089947089947,0.5502645502645502,496791,124198,0.5
1,3.0,session,track,2,0.3727823938917584,0.5497417471367617,0.6061082416348529,496791,124198,0.5
1,4.0,session,track,2,0.4193391642371234,0.5942662779397473,0.6550048590864918,496791,124198,0.5
1,5.0,session,track,2,0.4678194044188281,0.6551392891450528,0.7185398655139289,496791,124198,0.5
1,6.0,session,track,2,0.4654471544715447,0.6504065040650406,0.7113821138211383,496791,124198,0.5
1,7.0,session,track,2,0.4909090909090909,0.6909090909090909,0.7418181818181818,496791,124198,0.5
1,8.0,session,track,2,0.5283018867924528,0.6981132075471698,0.7421383647798742,496791,124198,0.5
1,9.0,session,track,2,0.5510204081632653,0.6734693877551021,0.7653061224489796,496791,124198,0.5
1,10.0,session,track,2,0.6481481481481481,0.7222222222222222,0.7592592592592593,496791,124198,0.5
1,11.0,session,track,2,0.5384615384615384,0.6538461538461539,0.7692307692307693,496791,124198,0.5
1,12.0,session,track,2,0.4,0.6666666666666666,0.7333333333333333,496791,124198,0.5
1,13.0,session,track,2,0.5714285714285714,0.8571428571428571,0.8571428571428571,496791,124198,0.5
1,14.0,session,track,2,0.8333333333333334,0.8333333333333334,0.8333333333333334,496791,124198,0.5
1,15.0,session,track,2,1.0,1.0,1.0,496791,124198,0.5
1,16.0,session,track,2,0.0,1.0,1.0,496791,124198,0.5
1,17.0,session,track,2,0.5,1.0,1.0,496791,124198,0.5
1,18.0,session,track,2,1.0,1.0,1.0,496791,124198,0.5
1,20.0,session,track,2,1.0,1.0,1.0,496791,124198,0.5
1,24.0,session,track,2,0.5,1.0,1.0,496791,124198,0.5
1,0.0,session,track,3,0.08714149490207583,0.12697131959216607,0.14019902687107266,496791,124198,0.5
1,1.0,session,track,3,4.46907400786557e-05,0.0003128351805505899,0.0007597425813371469,496791,124198,0.5
1,2.0,session,track,3,0.00010175010175010176,0.0002035002035002035,0.0006105006105006105,496791,124198,0.5
1,3.0,session,track,3,0.37255782618459465,0.5609701324949472,0.6225016842578037,496791,124198,0.5
1,4.0,session,track,3,0.4212827988338193,0.5957240038872692,0.6584062196307094,496791,124198,0.5
1,5.0,session,track,3,0.4658981748318924,0.6551392891450528,0.7060518731988472,496791,124198,0.5
1,6.0,session,track,3,0.4390243902439024,0.6422764227642277,0.7032520325203252,496791,124198,0.5
1,7.0,session,track,3,0.4763636363636364,0.7018181818181818,0.7563636363636363,496791,124198,0.5
1,8.0,session,track,3,0.5220125786163522,0.7295597484276729,0.7672955974842768,496791,124198,0.5
1,9.0,session,track,3,0.5306122448979592,0.6734693877551021,0.8163265306122449,496791,124198,0.5
1,10.0,session,track,3,0.6666666666666666,0.7222222222222222,0.7592592592592593,496791,124198,0.5
1,11.0,session,track,3,0.5,0.6538461538461539,0.7692307692307693,496791,124198,0.5
1,12.0,session,track,3,0.3333333333333333,0.6,0.6666666666666666,496791,124198,0.5
1,13.0,session,track,3,0.5714285714285714,0.8571428571428571,0.8571428571428571,496791,124198,0.5
1,14.0,session,track,3,0.6666666666666666,0.8333333333333334,0.8333333333333334,496791,124198,0.5
1,15.0,session,track,3,1.0,1.0,1.0,496791,124198,0.5
1,16.0,session,track,3,0.0,1.0,1.0,496791,124198,0.5
1,17.0,session,track,3,1.0,1.0,1.0,496791,124198,0.5
1,18.0,session,track,3,0.6666666666666666,1.0,1.0,496791,124198,0.5
1,20.0,session,track,3,1.0,1.0,1.0,496791,124198,0.5
1,24.0,session,track,3,0.5,1.0,1.0,496791,124198,0.5
1,0.0,session,track,1,0.3148976747597741,0.474901586835864,0.5288393359250837,496791,124198,0.5
1,1.0,session,track,1,0.2718984626385413,0.4181712549159814,0.4700125134072221,496791,124198,0.5
1,2.0,session,track,1,0.3247863247863248,0.495014245014245,0.5503663003663004,496791,124198,0.5
1,3.0,session,track,1,0.3757017740848866,0.5584998877161464,0.6177857624073658,496791,124198,0.5
1,4.0,session,track,1,0.42857142857142855,0.6054421768707483,0.6656948493683188,496791,124198,0.5
1,5.0,session,track,1,0.4726224783861672,0.6570605187319885,0.7156580211335255,496791,124198,0.5
1,6.0,session,track,1,0.44308943089430897,0.6504065040650406,0.7032520325203252,496791,124198,0.5
1,7.0,session,track,1,0.4909090909090909,0.7054545454545454,0.7527272727272727,496791,124198,0.5
1,8.0,session,track,1,0.5031446540880503,0.710691823899371,0.7358490566037735,496791,124198,0.5
1,9.0,session,track,1,0.5306122448979592,0.6836734693877551,0.7551020408163265,496791,124198,0.5
1,10.0,session,track,1,0.6481481481481481,0.7592592592592593,0.7592592592592593,496791,124198,0.5
1,11.0,session,track,1,0.5384615384615384,0.6538461538461539,0.7307692307692307,496791,124198,0.5
1,12.0,session,track,1,0.4666666666666667,0.6666666666666666,0.7333333333333333,496791,124198,0.5
1,13.0,session,track,1,0.5714285714285714,0.8571428571428571,0.8571428571428571,496791,124198,0.5
1,14.0,session,track,1,0.8333333333333334,0.8333333333333334,0.8333333333333334,496791,124198,0.5
1,15.0,session,track,1,0.0,1.0,1.0,496791,124198,0.5
1,16.0,session,track,1,0.0,1.0,1.0,496791,124198,0.5
1,17.0,session,track,1,0.5,1.0,1.0,496791,124198,0.5
1,18.0,session,track,1,1.0,1.0,1.0,496791,124198,0.5
1,20.0,session,track,1,1.0,1.0,1.0,496791,124198,0.5
1,24.0,session,track,1,0.5,1.0,1.0,496791,124198,0.5
1,0.0,user,track,2,0.11318960050729232,0.2609384908053265,0.34876347495244137,13352,3338,0.5
1,1.0,user,track,2,0.0,0.0,0.0,13352,3338,0.5
1,2.0,user,track,2,0.10726643598615918,0.2387543252595156,0.28719723183391005,13352,3338,0.5
1,3.0,user,track,2,0.09009009009009007,0.21021021021021025,0.26426426426426425,13352,3338,0.5
1,4.0,user,track,2,0.11003236245954692,0.20388349514563106,0.2880258899676376,13352,3338,0.5
1,5.0,user,track,2,0.10424710424710423,0.2548262548262548,0.33204633204633205,13352,3338,0.5
1,6.0,user,track,2,0.08835341365461848,0.18875502008032127,0.2891566265060241,13352,3338,0.5
1,7.0,user,track,2,0.15217391304347827,0.30978260869565216,0.4021739130434783,13352,3338,0.5
1,8.0,user,track,2,0.12650602409638553,0.3253012048192771,0.4397590361445783,13352,3338,0.5
1,9.0,user,track,2,0.14728682170542634,0.3488372093023256,0.4496124031007752,13352,3338,0.5
1,10.0,user,track,2,0.08547008547008547,0.3076923076923077,0.4017094017094017,13352,3338,0.5
1,11.0,user,track,2,0.12222222222222222,0.26666666666666666,0.3111111111111111,13352,3338,0.5
1,12.0,user,track,2,0.15,0.38,0.45,13352,3338,0.5
1,13.0,user,track,2,0.0970873786407767,0.3009708737864077,0.4951456310679612,13352,3338,0.5
1,14.0,user,track,2,0.15384615384615385,0.3205128205128205,0.4487179487179487,13352,3338,0.5
1,15.0,user,track,2,0.1506849315068493,0.3150684931506849,0.5068493150684932,13352,3338,0.5
1,16.0,user,track,2,0.22,0.36,0.48,13352,3338,0.5
1,17.0,user,track,2,0.12962962962962962,0.3148148148148148,0.462962962962963,13352,3338,0.5
1,18.0,user,track,2,0.15217391304347827,0.4565217391304348,0.5434782608695652,13352,3338,0.5
1,19.0,user,track,2,0.1951219512195122,0.4146341463414634,0.6097560975609756,13352,3338,0.5
1,20.0,user,track,2,0.24390243902439024,0.4146341463414634,0.5365853658536586,13352,3338,0.5
1,21.0,user,track,2,0.1,0.3,0.4666666666666667,13352,3338,0.5
1,22.0,user,track,2,0.2083333333333333,0.375,0.375,13352,3338,0.5
1,23.0,user,track,2,0.08,0.32,0.44,13352,3338,0.5
1,24.0,user,track,2,0.21739130434782608,0.3043478260869565,0.39130434782608703,13352,3338,0.5
1,25.0,user,track,2,0.15,0.25,0.4,13352,3338,0.5
1,26.0,user,track,2,0.19047619047619047,0.42857142857142855,0.5238095238095238,13352,3338,0.5
1,27.0,user,track,2,0.17391304347826084,0.3043478260869565,0.43478260869565216,13352,3338,0.5
1,28.0,user,track,2,0.0,0.21428571428571427,0.2857142857142857,13352,3338,0.5
1,29.0,user,track,2,0.0625,0.4375,0.5,13352,3338,0.5
1,30.0,user,track,2,0.125,0.5,0.5,13352,3338,0.5
1,31.0,user,track,2,0.16666666666666666,0.3333333333333333,0.5,13352,3338,0.5
1,32.0,user,track,2,0.25,0.5,0.75,13352,3338,0.5
1,33.0,user,track,2,0.0,0.5,0.5,13352,3338,0.5
1,34.0,user,track,2,0.0,0.0,0.0,13352,3338,0.5
1,35.0,user,track,2,0.2222222222222222,0.5555555555555556,0.8888888888888888,13352,3338,0.5
1,36.0,user,track,2,0.0,0.25,0.25,13352,3338,0.5
1,37.0,user,track,2,0.0,0.3333333333333333,0.3333333333333333,13352,3338,0.5
1,38.0,user,track,2,0.25,0.75,0.75,13352,3338,0.5
1,39.0,user,track,2,0.0,0.0,0.3333333333333333,13352,3338,0.5
1,40.0,user,track,2,0.0,0.0,1.0,13352,3338,0.5
1,42.0,user,track,2,0.0,0.5,1.0,13352,3338,0.5
1,43.0,user,track,2,0.0,0.0,0.0,13352,3338,0.5
1,46.0,user,track,2,0.0,0.0,0.0,13352,3338,0.5
1,47.0,user,track,2,0.0,0.0,0.0,13352,3338,0.5
1,0.0,user,track,1,0.12111604311984782,0.2742549143944198,0.3658845909955612,13352,3338,0.5
1,1.0,user,track,1,0.08762886597938144,0.23195876288659795,0.27835051546391754,13352,3338,0.5
1,2.0,user,track,1,0.10726643598615918,0.2387543252595156,0.29411764705882354,13352,3338,0.5
1,3.0,user,track,1,0.09009009009009007,0.2042042042042042,0.2612612612612613,13352,3338,0.5
1,4.0,user,track,1,0.11003236245954692,0.2006472491909385,0.2880258899676376,13352,3338,0.5
1,5.0,user,track,1,0.1274131274131274,0.2586872586872587,0.33204633204633205,13352,3338,0.5
1,6.0,user,track,1,0.1004016064257028,0.21285140562248997,0.3092369477911647,13352,3338,0.5
1,7.0,user,track,1,0.11413043478260868,0.30978260869565216,0.4076086956521739,13352,3338,0.5
1,8.0,user,track,1,0.12650602409638553,0.3253012048192771,0.4277108433734939,13352,3338,0.5
1,9.0,user,track,1,0.12403100775193796,0.32558139534883723,0.4108527131782946,13352,3338,0.5
1,10.0,user,track,1,0.11965811965811965,0.29914529914529914,0.3931623931623932,13352,3338,0.5
1,11.0,user,track,1,0.1,0.24444444444444444,0.2888888888888889,13352,3338,0.5
1,12.0,user,track,1,0.14,0.37,0.48,13352,3338,0.5
1,13.0,user,track,1,0.1262135922330097,0.3300970873786408,0.5339805825242718,13352,3338,0.5
1,14.0,user,track,1,0.19230769230769232,0.3333333333333333,0.4615384615384616,13352,3338,0.5
1,15.0,user,track,1,0.136986301369863,0.3287671232876712,0.5068493150684932,13352,3338,0.5
1,16.0,user,track,1,0.24,0.32,0.5,13352,3338,0.5
1,17.0,user,track,1,0.14814814814814814,0.3333333333333333,0.4444444444444444,13352,3338,0.5
1,18.0,user,track,1,0.13043478260869565,0.43478260869565216,0.5652173913043478,13352,3338,0.5
1,19.0,user,track,1,0.17073170731707318,0.4390243902439024,0.5609756097560976,13352,3338,0.5
1,20.0,user,track,1,0.2682926829268293,0.4146341463414634,0.5121951219512195,13352,3338,0.5
1,21.0,user,track,1,0.1,0.26666666666666666,0.43333333333333335,13352,3338,0.5
1,22.0,user,track,1,0.25,0.3333333333333333,0.375,13352,3338,0.5
1,23.0,user,track,1,0.08,0.28,0.44,13352,3338,0.5
1,24.0,user,track,1,0.17391304347826084,0.3478260869565217,0.39130434782608703,13352,3338,0.5
1,25.0,user,track,1,0.1,0.25,0.35,13352,3338,0.5
1,26.0,user,track,1,0.2380952380952381,0.3333333333333333,0.5238095238095238,13352,3338,0.5
1,27.0,user,track,1,0.17391304347826084,0.3478260869565217,0.3478260869565217,13352,3338,0.5
1,28.0,user,track,1,0.07142857142857142,0.21428571428571427,0.2857142857142857,13352,3338,0.5
1,29.0,user,track,1,0.0625,0.375,0.5625,13352,3338,0.5
1,30.0,user,track,1,0.125,0.5,0.5,13352,3338,0.5
1,31.0,user,track,1,0.0,0.3333333333333333,0.3333333333333333,13352,3338,0.5
1,32.0,user,track,1,0.25,0.5,0.75,13352,3338,0.5
1,33.0,user,track,1,0.0,0.5,0.5,13352,3338,0.5
1,34.0,user,track,1,0.0,0.0,0.0,13352,3338,0.5
1,35.0,user,track,1,0.3333333333333333,0.6666666666666666,0.8888888888888888,13352,3338,0.5
1,36.0,user,track,1,0.0,0.0,0.25,13352,3338,0.5
1,37.0,user,track,1,0.3333333333333333,0.3333333333333333,0.3333333333333333,13352,3338,0.5
1,38.0,user,track,1,0.25,0.75,1.0,13352,3338,0.5
1,39.0,user,track,1,0.0,0.0,0.6666666666666666,13352,3338,0.5
1,40.0,user,track,1,0.0,0.0,0.0,13352,3338,0.5
1,42.0,user,track,1,0.0,0.5,1.0,13352,3338,0.5
1,43.0,user,track,1,0.0,0.0,0.0,13352,3338,0.5
1,46.0,user,track,1,0.0,0.0,0.0,13352,3338,0.5
1,47.0,user,track,1,0.0,0.0,0.0,13352,3338,0.5
1,0.0,session,track,4,0.04709161593192989,0.06677424875913837,0.07344922858749603,496791,124198,0.5
1,1.0,session,track,4,0.000446907400786557,0.0008044333214158026,0.000893814801573114,496791,124198,0.5
1,2.0,session,track,4,0.00010175010175010176,0.0007122507122507122,0.0010175010175010174,496791,124198,0.5
1,3.0,session,track,4,0.0,0.0006737031214911295,0.0008982708286548395,496791,124198,0.5
1,4.0,session,track,4,0.42857142857142855,0.6064139941690962,0.6715257531584062,496791,124198,0.5
1,5.0,session,track,4,0.4620557156580211,0.6560999039385207,0.7214217098943324,496791,124198,0.5
1,6.0,session,track,4,0.44308943089430897,0.6402439024390244,0.7032520325203252,496791,124198,0.5
1,7.0,session,track,4,0.4727272727272727,0.68,0.7490909090909091,496791,124198,0.5
1,8.0,session,track,4,0.5220125786163522,0.7232704402515723,0.7358490566037735,496791,124198,0.5
1,9.0,session,track,4,0.5306122448979592,0.6836734693877551,0.7448979591836735,496791,124198,0.5
1,10.0,session,track,4,0.6666666666666666,0.7592592592592593,0.7962962962962963,496791,124198,0.5
1,11.0,session,track,4,0.5,0.6923076923076923,0.8076923076923077,496791,124198,0.5
1,12.0,session,track,4,0.3333333333333333,0.5333333333333333,0.6,496791,124198,0.5
1,13.0,session,track,4,0.42857142857142855,0.8571428571428571,0.8571428571428571,496791,124198,0.5
1,14.0,session,track,4,0.6666666666666666,0.8333333333333334,0.8333333333333334,496791,124198,0.5
1,15.0,session,track,4,1.0,1.0,1.0,496791,124198,0.5
1,16.0,session,track,4,0.5,1.0,1.0,496791,124198,0.5
1,17.0,session,track,4,0.5,0.5,1.0,496791,124198,0.5
1,18.0,session,track,4,1.0,1.0,1.0,496791,124198,0.5
1,20.0,session,track,4,1.0,1.0,1.0,496791,124198,0.5
1,24.0,session,track,4,0.5,1.0,1.0,496791,124198,0.5
1,0.0,user,track,3,0.09955611921369688,0.23493975903614456,0.32054533925174383,13352,3338,0.5
1,1.0,user,track,3,0.0,0.0,0.005154639175257732,13352,3338,0.5
1,2.0,user,track,3,0.0,0.0,0.0034602076124567475,13352,3338,0.5
1,3.0,user,track,3,0.09309309309309308,0.2042042042042042,0.2672672672672673,13352,3338,0.5
1,4.0,user,track,3,0.11326860841423947,0.2006472491909385,0.284789644012945,13352,3338,0.5
1,5.0,user,track,3,0.09652509652509653,0.2548262548262548,0.3281853281853282,13352,3338,0.5
1,6.0,user,track,3,0.08433734939759037,0.2008032128514056,0.2931726907630522,13352,3338,0.5
1,7.0,user,track,3,0.13043478260869565,0.3043478260869565,0.4021739130434783,13352,3338,0.5
1,8.0,user,track,3,0.12048192771084335,0.3012048192771085,0.43373493975903615,13352,3338,0.5
1,9.0,user,track,3,0.12403100775193796,0.3488372093023256,0.4418604651162791,13352,3338,0.5
1,10.0,user,track,3,0.08547008547008547,0.2905982905982906,0.38461538461538464,13352,3338,0.5
1,11.0,user,track,3,0.13333333333333333,0.25555555555555554,0.2777777777777778,13352,3338,0.5
1,12.0,user,track,3,0.15,0.37,0.46,13352,3338,0.5
1,13.0,user,track,3,0.0970873786407767,0.2912621359223301,0.4854368932038835,13352,3338,0.5
1,14.0,user,track,3,0.1282051282051282,0.3333333333333333,0.5,13352,3338,0.5
1,15.0,user,track,3,0.1506849315068493,0.3424657534246575,0.5068493150684932,13352,3338,0.5
1,16.0,user,track,3,0.22,0.36,0.52,13352,3338,0.5
1,17.0,user,track,3,0.12962962962962962,0.3148148148148148,0.4259259259259259,13352,3338,0.5
1,18.0,user,track,3,0.1956521739130435,0.43478260869565216,0.5652173913043478,13352,3338,0.5
1,19.0,user,track,3,0.1951219512195122,0.3902439024390244,0.5853658536585366,13352,3338,0.5
1,20.0,user,track,3,0.2195121951219512,0.3902439024390244,0.5121951219512195,13352,3338,0.5
1,21.0,user,track,3,0.06666666666666668,0.26666666666666666,0.43333333333333335,13352,3338,0.5
1,22.0,user,track,3,0.125,0.3333333333333333,0.3333333333333333,13352,3338,0.5
1,23.0,user,track,3,0.08,0.28,0.44,13352,3338,0.5
1,24.0,user,track,3,0.2608695652173913,0.39130434782608703,0.43478260869565216,13352,3338,0.5
1,25.0,user,track,3,0.15,0.25,0.4,13352,3338,0.5
1,26.0,user,track,3,0.19047619047619047,0.4761904761904762,0.6190476190476191,13352,3338,0.5
1,27.0,user,track,3,0.17391304347826084,0.3043478260869565,0.3478260869565217,13352,3338,0.5
1,28.0,user,track,3,0.0,0.21428571428571427,0.2857142857142857,13352,3338,0.5
1,29.0,user,track,3,0.0,0.3125,0.4375,13352,3338,0.5
1,30.0,user,track,3,0.125,0.5,0.5,13352,3338,0.5
1,31.0,user,track,3,0.16666666666666666,0.3333333333333333,0.5,13352,3338,0.5
1,32.0,user,track,3,0.25,0.5,0.75,13352,3338,0.5
1,33.0,user,track,3,0.0,0.5,0.5,13352,3338,0.5
1,34.0,user,track,3,0.0,0.0,0.0,13352,3338,0.5
1,35.0,user,track,3,0.2222222222222222,0.5555555555555556,0.7777777777777778,13352,3338,0.5
1,36.0,user,track,3,0.0,0.0,0.0,13352,3338,0.5
1,37.0,user,track,3,0.0,0.3333333333333333,0.3333333333333333,13352,3338,0.5
1,38.0,user,track,3,0.25,0.75,0.75,13352,3338,0.5
1,39.0,user,track,3,0.0,0.0,0.6666666666666666,13352,3338,0.5
1,40.0,user,track,3,0.0,0.0,0.0,13352,3338,0.5
1,42.0,user,track,3,0.0,0.5,1.0,13352,3338,0.5
1,43.0,user,track,3,0.0,0.0,0.0,13352,3338,0.5
1,46.0,user,track,3,0.0,0.0,0.0,13352,3338,0.5
1,47.0,user,track,3,0.0,0.0,0.0,13352,3338,0.5
1,0.0,user,track,4,0.08909321496512365,0.21052631578947367,0.2856689917564997,13352,3338,0.5
1,1.0,user,track,4,0.0,0.010309278350515464,0.010309278350515464,13352,3338,0.5
1,2.0,user,track,4,0.0,0.0,0.0,13352,3338,0.5
1,3.0,user,track,4,0.003003003003003003,0.003003003003003003,0.003003003003003003,13352,3338,0.5
1,4.0,user,track,4,0.11003236245954692,0.21359223300970875,0.284789644012945,13352,3338,0.5
1,5.0,user,track,4,0.10424710424710423,0.2471042471042471,0.3359073359073359,13352,3338,0.5
1,6.0,user,track,4,0.08032128514056225,0.20481927710843373,0.2971887550200803,13352,3338,0.5
1,7.0,user,track,4,0.125,0.3043478260869565,0.4021739130434783,13352,3338,0.5
1,8.0,user,track,4,0.12048192771084335,0.3192771084337349,0.42168674698795183,13352,3338,0.5
1,9.0,user,track,4,0.12403100775193796,0.31007751937984496,0.4031007751937984,13352,3338,0.5
1,10.0,user,track,4,0.08547008547008547,0.2478632478632479,0.3418803418803419,13352,3338,0.5
1,11.0,user,track,4,0.1111111111111111,0.2222222222222222,0.26666666666666666,13352,3338,0.5
1,12.0,user,track,4,0.12,0.37,0.46,13352,3338,0.5
1,13.0,user,track,4,0.11650485436893206,0.2815533980582524,0.4757281553398058,13352,3338,0.5
1,14.0,user,track,4,0.1282051282051282,0.3717948717948718,0.4871794871794872,13352,3338,0.5
1,15.0,user,track,4,0.1506849315068493,0.3287671232876712,0.4657534246575342,13352,3338,0.5
1,16.0,user,track,4,0.22,0.34,0.48,13352,3338,0.5
1,17.0,user,track,4,0.1111111111111111,0.2962962962962963,0.4259259259259259,13352,3338,0.5
1,18.0,user,track,4,0.17391304347826084,0.4565217391304348,0.5652173913043478,13352,3338,0.5
1,19.0,user,track,4,0.17073170731707318,0.2926829268292683,0.5365853658536586,13352,3338,0.5
1,20.0,user,track,4,0.1951219512195122,0.36585365853658536,0.4878048780487805,13352,3338,0.5
1,21.0,user,track,4,0.06666666666666668,0.26666666666666666,0.43333333333333335,13352,3338,0.5
1,22.0,user,track,4,0.16666666666666666,0.375,0.4583333333333333,13352,3338,0.5
1,23.0,user,track,4,0.12,0.36,0.48,13352,3338,0.5
1,24.0,user,track,4,0.2608695652173913,0.3478260869565217,0.39130434782608703,13352,3338,0.5
1,25.0,user,track,4,0.15,0.25,0.4,13352,3338,0.5
1,26.0,user,track,4,0.19047619047619047,0.3809523809523809,0.5238095238095238,13352,3338,0.5
1,27.0,user,track,4,0.17391304347826084,0.2608695652173913,0.3478260869565217,13352,3338,0.5
1,28.0,user,track,4,0.0,0.21428571428571427,0.21428571428571427,13352,3338,0.5
1,29.0,user,track,4,0.125,0.3125,0.5,13352,3338,0.5
1,30.0,user,track,4,0.125,0.5,0.5,13352,3338,0.5
1,31.0,user,track,4,0.16666666666666666,0.3333333333333333,0.5,13352,3338,0.5
1,32.0,user,track,4,0.25,0.5,0.5,13352,3338,0.5
1,33.0,user,track,4,0.25,0.5,0.5,13352,3338,0.5
1,34.0,user,track,4,0.0,0.0,0.0,13352,3338,0.5
1,35.0,user,track,4,0.2222222222222222,0.6666666666666666,0.7777777777777778,13352,3338,0.5
1,36.0,user,track,4,0.0,0.0,0.0,13352,3338,0.5
1,37.0,user,track,4,0.0,0.0,0.0,13352,3338,0.5
1,38.0,user,track,4,0.25,0.75,0.75,13352,3338,0.5
1,39.0,user,track,4,0.0,0.3333333333333333,0.3333333333333333,13352,3338,0.5
1,40.0,user,track,4,0.0,0.0,0.0,13352,3338,0.5
1,42.0,user,track,4,0.0,0.5,1.0,13352,3338,0.5
1,43.0,user,track,4,0.0,0.0,0.0,13352,3338,0.5
1,46.0,user,track,4,0.0,0.0,0.0,13352,3338,0.5
1,47.0,user,track,4,0.0,0.0,0.0,13352,3338,0.5
1,0.0,user,track,0,0.1438501057721366,0.3022061045633122,0.3768510123904503,13352,3338,0.2
1,1.0,user,track,0,0.1282051282051282,0.35897435897435903,0.4615384615384616,13352,3338,0.2
1,2.0,user,track,0,0.25,0.4166666666666667,0.5138888888888888,13352,3338,0.2
1,3.0,user,track,0,0.125,0.3020833333333333,0.3229166666666667,13352,3338,0.2
1,4.0,user,track,0,0.12025316455696206,0.2088607594936709,0.2848101265822785,13352,3338,0.2
1,5.0,user,track,0,0.10555555555555557,0.2111111111111111,0.2611111111111111,13352,3338,0.2
1,6.0,user,track,0,0.1058201058201058,0.20634920634920634,0.25396825396825395,13352,3338,0.2
1,7.0,user,track,0,0.10824742268041238,0.2371134020618557,0.30412371134020616,13352,3338,0.2
1,8.0,user,track,0,0.12121212121212124,0.26262626262626265,0.3232323232323233,13352,3338,0.2
1,9.0,user,track,0,0.10714285714285714,0.23214285714285715,0.29464285714285715,13352,3338,0.2
1,10.0,user,track,0,0.128,0.21600000000000005,0.28800000000000003,13352,3338,0.2
1,11.0,user,track,0,0.1,0.2,0.26,13352,3338,0.2
1,12.0,user,track,0,0.11206896551724138,0.25862068965517243,0.3275862068965517,13352,3338,0.2
1,13.0,user,track,0,0.15384615384615385,0.2564102564102564,0.29914529914529914,13352,3338,0.2
1,14.0,user,track,0,0.08433734939759037,0.2530120481927711,0.3253012048192771,13352,3338,0.2
1,15.0,user,track,0,0.12048192771084335,0.3132530120481928,0.3975903614457832,13352,3338,0.2
1,16.0,user,track,0,0.15730337078651685,0.24719101123595505,0.3258426966292135,13352,3338,0.2
1,17.0,user,track,0,0.15853658536585366,0.3170731707317073,0.36585365853658536,13352,3338,0.2
1,18.0,user,track,0,0.136986301369863,0.410958904109589,0.5068493150684932,13352,3338,0.2
1,19.0,user,track,0,0.1282051282051282,0.3076923076923077,0.38461538461538464,13352,3338,0.2
1,20.0,user,track,0,0.2698412698412698,0.4761904761904762,0.5079365079365079,13352,3338,0.2
1,21.0,user,track,0,0.2413793103448276,0.3965517241379311,0.3965517241379311,13352,3338,0.2
1,22.0,user,track,0,0.10638297872340426,0.3404255319148936,0.5106382978723404,13352,3338,0.2
1,23.0,user,track,0,0.12903225806451613,0.3709677419354839,0.4354838709677419,13352,3338,0.2
1,24.0,user,track,0,0.1914893617021277,0.425531914893617,0.5531914893617021,13352,3338,0.2
1,25.0,user,track,0,0.09090909090909093,0.3090909090909091,0.3818181818181817,13352,3338,0.2
1,26.0,user,track,0,0.16279069767441862,0.32558139534883723,0.4418604651162791,13352,3338,0.2
1,27.0,user,track,0,0.20930232558139536,0.4186046511627907,0.4883720930232558,13352,3338,0.2
1,28.0,user,track,0,0.18421052631578946,0.3947368421052632,0.5,13352,3338,0.2
1,29.0,user,track,0,0.2553191489361702,0.425531914893617,0.5319148936170213,13352,3338,0.2
1,30.0,user,track,0,0.25806451612903225,0.41935483870967744,0.5483870967741935,13352,3338,0.2
1,31.0,user,track,0,0.25806451612903225,0.41935483870967744,0.5483870967741935,13352,3338,0.2
1,32.0,user,track,0,0.1875,0.3125,0.53125,13352,3338,0.2
1,33.0,user,track,0,0.17142857142857146,0.3714285714285713,0.4,13352,3338,0.2
1,34.0,user,track,0,0.18181818181818185,0.3939393939393939,0.5151515151515151,13352,3338,0.2
1,35.0,user,track,0,0.1935483870967742,0.3548387096774194,0.3870967741935484,13352,3338,0.2
1,36.0,user,track,0,0.26666666666666666,0.4,0.43333333333333335,13352,3338,0.2
1,37.0,user,track,0,0.047619047619047616,0.5238095238095238,0.5238095238095238,13352,3338,0.2
1,38.0,user,track,0,0.1724137931034483,0.3448275862068966,0.4137931034482759,13352,3338,0.2
1,39.0,user,track,0,0.1851851851851852,0.5555555555555556,0.7407407407407407,13352,3338,0.2
1,40.0,user,track,0,0.19047619047619047,0.42857142857142855,0.5238095238095238,13352,3338,0.2
1,41.0,user,track,0,0.15,0.35,0.4,13352,3338,0.2
1,42.0,user,track,0,0.25,0.4,0.6,13352,3338,0.2
1,43.0,user,track,0,0.1,0.3,0.3,13352,3338,0.2
1,44.0,user,track,0,0.2,0.5,0.6,13352,3338,0.2
1,45.0,user,track,0,0.05555555555555555,0.16666666666666666,0.4444444444444444,13352,3338,0.2
1,46.0,user,track,0,0.0,0.2777777777777778,0.3888888888888889,13352,3338,0.2
1,47.0,user,track,0,0.4,0.4,0.5333333333333333,13352,3338,0.2
1,48.0,user,track,0,0.05263157894736842,0.42105263157894735,0.5263157894736842,13352,3338,0.2
1,49.0,user,track,0,0.3076923076923077,0.3076923076923077,0.5384615384615384,13352,3338,0.2
1,50.0,user,track,0,0.1111111111111111,0.3333333333333333,0.3333333333333333,13352,3338,0.2
1,51.0,user,track,0,0.2,0.5,0.55,13352,3338,0.2
1,52.0,user,track,0,0.5384615384615384,0.6153846153846154,0.6153846153846154,13352,3338,0.2
1,53.0,user,track,0,0.125,0.125,0.25,13352,3338,0.2
1,54.0,user,track,0,0.125,0.375,0.5,13352,3338,0.2
1,55.0,user,track,0,0.09090909090909093,0.2727272727272727,0.2727272727272727,13352,3338,0.2
1,56.0,user,track,0,0.1111111111111111,0.3333333333333333,0.6666666666666666,13352,3338,0.2
1,57.0,user,track,0,0.0,0.3333333333333333,0.4444444444444444,13352,3338,0.2
1,58.0,user,track,0,0.0,0.25,0.25,13352,3338,0.2
1,59.0,user,track,0,0.0,0.5,0.8333333333333334,13352,3338,0.2
1,60.0,user,track,0,0.0,0.5,0.625,13352,3338,0.2
1,61.0,user,track,0,0.4,0.6,0.8,13352,3338,0.2
1,62.0,user,track,0,0.3333333333333333,0.6666666666666666,0.6666666666666666,13352,3338,0.2
1,63.0,user,track,0,0.0,0.0,0.3333333333333333,13352,3338,0.2
1,65.0,user,track,0,0.3333333333333333,0.5,0.8333333333333334,13352,3338,0.2
1,66.0,user,track,0,0.0,0.0,0.0,13352,3338,0.2
1,67.0,user,track,0,0.3333333333333333,0.3333333333333333,0.3333333333333333,13352,3338,0.2
1,68.0,user,track,0,0.0,0.0,0.0,13352,3338,0.2
1,69.0,user,track,0,0.0,0.5,0.5,13352,3338,0.2
1,70.0,user,track,0,1.0,1.0,1.0,13352,3338,0.2
1,71.0,user,track,0,0.0,0.0,0.0,13352,3338,0.2
1,72.0,user,track,0,0.0,0.0,0.0,13352,3338,0.2
1,74.0,user,track,0,0.0,0.3333333333333333,0.3333333333333333,13352,3338,0.2
1,75.0,user,track,0,0.0,0.0,0.0,13352,3338,0.2
1,0.0,user,track,1,0.1438501057721366,0.3034149289815654,0.3768510123904503,13352,3338,0.2
1,1.0,user,track,1,0.1282051282051282,0.35897435897435903,0.4615384615384616,13352,3338,0.2
1,2.0,user,track,1,0.25,0.4166666666666667,0.5138888888888888,13352,3338,0.2
1,3.0,user,track,1,0.125,0.3020833333333333,0.3229166666666667,13352,3338,0.2
1,4.0,user,track,1,0.12025316455696206,0.2088607594936709,0.2848101265822785,13352,3338,0.2
1,5.0,user,track,1,0.10555555555555557,0.2111111111111111,0.2611111111111111,13352,3338,0.2
1,6.0,user,track,1,0.1058201058201058,0.20634920634920634,0.25396825396825395,13352,3338,0.2
1,7.0,user,track,1,0.10824742268041238,0.2422680412371134,0.30412371134020616,13352,3338,0.2
1,8.0,user,track,1,0.12121212121212124,0.26262626262626265,0.3232323232323233,13352,3338,0.2
1,9.0,user,track,1,0.10714285714285714,0.23214285714285715,0.29464285714285715,13352,3338,0.2
1,10.0,user,track,1,0.128,0.21600000000000005,0.28800000000000003,13352,3338,0.2
1,11.0,user,track,1,0.1,0.2,0.26,13352,3338,0.2
1,12.0,user,track,1,0.11206896551724138,0.2672413793103448,0.3275862068965517,13352,3338,0.2
1,13.0,user,track,1,0.15384615384615385,0.2564102564102564,0.29914529914529914,13352,3338,0.2
1,14.0,user,track,1,0.08433734939759037,0.2530120481927711,0.3253012048192771,13352,3338,0.2
1,15.0,user,track,1,0.12048192771084335,0.3132530120481928,0.3975903614457832,13352,3338,0.2
1,16.0,user,track,1,0.15730337078651685,0.25842696629213485,0.3258426966292135,13352,3338,0.2
1,17.0,user,track,1,0.15853658536585366,0.3170731707317073,0.36585365853658536,13352,3338,0.2
1,18.0,user,track,1,0.136986301369863,0.410958904109589,0.5068493150684932,13352,3338,0.2
1,19.0,user,track,1,0.1282051282051282,0.3076923076923077,0.38461538461538464,13352,3338,0.2
1,20.0,user,track,1,0.2698412698412698,0.4761904761904762,0.5079365079365079,13352,3338,0.2
1,21.0,user,track,1,0.2413793103448276,0.3965517241379311,0.3965517241379311,13352,3338,0.2
1,22.0,user,track,1,0.10638297872340426,0.3404255319148936,0.5106382978723404,13352,3338,0.2
1,23.0,user,track,1,0.12903225806451613,0.3709677419354839,0.4354838709677419,13352,3338,0.2
1,24.0,user,track,1,0.1914893617021277,0.425531914893617,0.5531914893617021,13352,3338,0.2
1,25.0,user,track,1,0.09090909090909093,0.3090909090909091,0.3818181818181817,13352,3338,0.2
1,26.0,user,track,1,0.16279069767441862,0.3488372093023256,0.4418604651162791,13352,3338,0.2
1,27.0,user,track,1,0.20930232558139536,0.4186046511627907,0.4883720930232558,13352,3338,0.2
1,28.0,user,track,1,0.18421052631578946,0.3947368421052632,0.5,13352,3338,0.2
1,29.0,user,track,1,0.2553191489361702,0.425531914893617,0.5319148936170213,13352,3338,0.2
1,30.0,user,track,1,0.25806451612903225,0.41935483870967744,0.5483870967741935,13352,3338,0.2
1,31.0,user,track,1,0.25806451612903225,0.41935483870967744,0.5483870967741935,13352,3338,0.2
1,32.0,user,track,1,0.1875,0.3125,0.53125,13352,3338,0.2
1,33.0,user,track,1,0.17142857142857146,0.3714285714285713,0.4,13352,3338,0.2
1,34.0,user,track,1,0.18181818181818185,0.3939393939393939,0.5151515151515151,13352,3338,0.2
1,35.0,user,track,1,0.1935483870967742,0.3548387096774194,0.3870967741935484,13352,3338,0.2
1,36.0,user,track,1,0.26666666666666666,0.4,0.43333333333333335,13352,3338,0.2
1,37.0,user,track,1,0.047619047619047616,0.5238095238095238,0.5238095238095238,13352,3338,0.2
1,38.0,user,track,1,0.1724137931034483,0.3448275862068966,0.4137931034482759,13352,3338,0.2
1,39.0,user,track,1,0.1851851851851852,0.5555555555555556,0.7407407407407407,13352,3338,0.2
1,40.0,user,track,1,0.19047619047619047,0.42857142857142855,0.5238095238095238,13352,3338,0.2
1,41.0,user,track,1,0.15,0.35,0.4,13352,3338,0.2
1,42.0,user,track,1,0.25,0.4,0.6,13352,3338,0.2
1,43.0,user,track,1,0.1,0.3,0.3,13352,3338,0.2
1,44.0,user,track,1,0.2,0.5,0.6,13352,3338,0.2
1,45.0,user,track,1,0.05555555555555555,0.16666666666666666,0.4444444444444444,13352,3338,0.2
1,46.0,user,track,1,0.0,0.2777777777777778,0.3888888888888889,13352,3338,0.2
1,47.0,user,track,1,0.4,0.4,0.5333333333333333,13352,3338,0.2
1,48.0,user,track,1,0.05263157894736842,0.42105263157894735,0.5263157894736842,13352,3338,0.2
1,49.0,user,track,1,0.3076923076923077,0.3076923076923077,0.5384615384615384,13352,3338,0.2
1,50.0,user,track,1,0.1111111111111111,0.3333333333333333,0.3333333333333333,13352,3338,0.2
1,51.0,user,track,1,0.2,0.5,0.55,13352,3338,0.2
1,52.0,user,track,1,0.5384615384615384,0.6153846153846154,0.6153846153846154,13352,3338,0.2
1,53.0,user,track,1,0.125,0.125,0.25,13352,3338,0.2
1,54.0,user,track,1,0.125,0.375,0.5,13352,3338,0.2
1,55.0,user,track,1,0.09090909090909093,0.2727272727272727,0.2727272727272727,13352,3338,0.2
1,56.0,user,track,1,0.1111111111111111,0.3333333333333333,0.6666666666666666,13352,3338,0.2
1,57.0,user,track,1,0.0,0.3333333333333333,0.4444444444444444,13352,3338,0.2
1,58.0,user,track,1,0.0,0.25,0.25,13352,3338,0.2
1,59.0,user,track,1,0.0,0.5,0.8333333333333334,13352,3338,0.2
1,60.0,user,track,1,0.0,0.5,0.625,13352,3338,0.2
1,61.0,user,track,1,0.4,0.6,0.8,13352,3338,0.2
1,62.0,user,track,1,0.3333333333333333,0.6666666666666666,0.6666666666666666,13352,3338,0.2
1,63.0,user,track,1,0.0,0.0,0.3333333333333333,13352,3338,0.2
1,65.0,user,track,1,0.3333333333333333,0.5,0.8333333333333334,13352,3338,0.2
1,66.0,user,track,1,0.0,0.0,0.0,13352,3338,0.2
1,67.0,user,track,1,0.3333333333333333,0.3333333333333333,0.3333333333333333,13352,3338,0.2
1,68.0,user,track,1,0.0,0.0,0.0,13352,3338,0.2
1,69.0,user,track,1,0.0,0.5,0.5,13352,3338,0.2
1,70.0,user,track,1,1.0,1.0,1.0,13352,3338,0.2
1,71.0,user,track,1,0.0,0.0,0.0,13352,3338,0.2
1,72.0,user,track,1,0.0,0.0,0.0,13352,3338,0.2
1,74.0,user,track,1,0.0,0.3333333333333333,0.3333333333333333,13352,3338,0.2
1,75.0,user,track,1,0.0,0.0,0.0,13352,3338,0.2
1,0.0,user,track,2,0.13357509821698402,0.2928377153218495,0.36899365367180414,13352,3338,0.2
1,1.0,user,track,2,0.0,0.02564102564102564,0.02564102564102564,13352,3338,0.2
1,2.0,user,track,2,0.25,0.4027777777777778,0.4861111111111111,13352,3338,0.2
1,3.0,user,track,2,0.125,0.3229166666666667,0.34375,13352,3338,0.2
1,4.0,user,track,2,0.10759493670886076,0.2531645569620253,0.3037974683544304,13352,3338,0.2
1,5.0,user,track,2,0.08888888888888889,0.18888888888888888,0.2222222222222222,13352,3338,0.2
1,6.0,user,track,2,0.07936507936507936,0.20105820105820105,0.2698412698412698,13352,3338,0.2
1,7.0,user,track,2,0.10309278350515463,0.23195876288659795,0.30412371134020616,13352,3338,0.2
1,8.0,user,track,2,0.09595959595959597,0.2525252525252525,0.3080808080808081,13352,3338,0.2
1,9.0,user,track,2,0.11607142857142858,0.2410714285714285,0.29464285714285715,13352,3338,0.2
1,10.0,user,track,2,0.12,0.224,0.28,13352,3338,0.2
1,11.0,user,track,2,0.11,0.19,0.25,13352,3338,0.2
1,12.0,user,track,2,0.11206896551724138,0.2327586206896552,0.29310344827586204,13352,3338,0.2
1,13.0,user,track,2,0.13675213675213674,0.2393162393162393,0.2905982905982906,13352,3338,0.2
1,14.0,user,track,2,0.0963855421686747,0.20481927710843373,0.3012048192771085,13352,3338,0.2
1,15.0,user,track,2,0.10843373493975904,0.3253012048192771,0.42168674698795183,13352,3338,0.2
1,16.0,user,track,2,0.15730337078651685,0.24719101123595505,0.33707865168539325,13352,3338,0.2
1,17.0,user,track,2,0.13414634146341464,0.36585365853658536,0.4024390243902439,13352,3338,0.2
1,18.0,user,track,2,0.1506849315068493,0.3972602739726027,0.5205479452054794,13352,3338,0.2
1,19.0,user,track,2,0.10256410256410256,0.28205128205128205,0.35897435897435903,13352,3338,0.2
1,20.0,user,track,2,0.2698412698412698,0.4603174603174603,0.5555555555555556,13352,3338,0.2
1,21.0,user,track,2,0.2413793103448276,0.3965517241379311,0.3965517241379311,13352,3338,0.2
1,22.0,user,track,2,0.10638297872340426,0.3191489361702128,0.5106382978723404,13352,3338,0.2
1,23.0,user,track,2,0.14516129032258066,0.3548387096774194,0.4032258064516129,13352,3338,0.2
1,24.0,user,track,2,0.1702127659574468,0.44680851063829785,0.5531914893617021,13352,3338,0.2
1,25.0,user,track,2,0.10909090909090907,0.2727272727272727,0.3272727272727273,13352,3338,0.2
1,26.0,user,track,2,0.18604651162790692,0.3488372093023256,0.4186046511627907,13352,3338,0.2
1,27.0,user,track,2,0.18604651162790692,0.4186046511627907,0.5116279069767442,13352,3338,0.2
1,28.0,user,track,2,0.18421052631578946,0.3684210526315789,0.5,13352,3338,0.2
1,29.0,user,track,2,0.2127659574468085,0.40425531914893614,0.5531914893617021,13352,3338,0.2
1,30.0,user,track,2,0.2903225806451613,0.4516129032258064,0.5806451612903226,13352,3338,0.2
1,31.0,user,track,2,0.2258064516129032,0.41935483870967744,0.4516129032258064,13352,3338,0.2
1,32.0,user,track,2,0.1875,0.28125,0.46875,13352,3338,0.2
1,33.0,user,track,2,0.17142857142857146,0.4,0.4571428571428571,13352,3338,0.2
1,34.0,user,track,2,0.18181818181818185,0.3636363636363637,0.5454545454545454,13352,3338,0.2
1,35.0,user,track,2,0.16129032258064516,0.2903225806451613,0.41935483870967744,13352,3338,0.2
1,36.0,user,track,2,0.2,0.4,0.43333333333333335,13352,3338,0.2
1,37.0,user,track,2,0.047619047619047616,0.4761904761904762,0.4761904761904762,13352,3338,0.2
1,38.0,user,track,2,0.206896551724138,0.3103448275862069,0.4482758620689655,13352,3338,0.2
1,39.0,user,track,2,0.14814814814814814,0.5185185185185185,0.7037037037037037,13352,3338,0.2
1,40.0,user,track,2,0.19047619047619047,0.4761904761904762,0.5714285714285714,13352,3338,0.2
1,41.0,user,track,2,0.15,0.3,0.4,13352,3338,0.2
1,42.0,user,track,2,0.25,0.4,0.6,13352,3338,0.2
1,43.0,user,track,2,0.1,0.25,0.3,13352,3338,0.2
1,44.0,user,track,2,0.2,0.5,0.6,13352,3338,0.2
1,45.0,user,track,2,0.05555555555555555,0.16666666666666666,0.3888888888888889,13352,3338,0.2
1,46.0,user,track,2,0.0,0.2777777777777778,0.3333333333333333,13352,3338,0.2
1,47.0,user,track,2,0.4,0.4,0.5333333333333333,13352,3338,0.2
1,48.0,user,track,2,0.05263157894736842,0.3684210526315789,0.5789473684210527,13352,3338,0.2
1,49.0,user,track,2,0.3076923076923077,0.3076923076923077,0.5384615384615384,13352,3338,0.2
1,50.0,user,track,2,0.1111111111111111,0.3333333333333333,0.3333333333333333,13352,3338,0.2
1,51.0,user,track,2,0.2,0.45,0.55,13352,3338,0.2
1,52.0,user,track,2,0.38461538461538464,0.6923076923076923,0.7692307692307693,13352,3338,0.2
1,53.0,user,track,2,0.0,0.125,0.375,13352,3338,0.2
1,54.0,user,track,2,0.0,0.375,0.5,13352,3338,0.2
1,55.0,user,track,2,0.09090909090909093,0.2727272727272727,0.2727272727272727,13352,3338,0.2
1,56.0,user,track,2,0.1111111111111111,0.2222222222222222,0.6666666666666666,13352,3338,0.2
1,57.0,user,track,2,0.0,0.3333333333333333,0.4444444444444444,13352,3338,0.2
1,58.0,user,track,2,0.0,0.25,0.25,13352,3338,0.2
1,59.0,user,track,2,0.0,0.5,0.6666666666666666,13352,3338,0.2
1,60.0,user,track,2,0.0,0.5,0.5,13352,3338,0.2
1,61.0,user,track,2,0.4,0.6,0.8,13352,3338,0.2
1,62.0,user,track,2,0.3333333333333333,0.6666666666666666,0.6666666666666666,13352,3338,0.2
1,63.0,user,track,2,0.0,0.3333333333333333,0.3333333333333333,13352,3338,0.2
1,65.0,user,track,2,0.16666666666666666,0.5,0.8333333333333334,13352,3338,0.2
1,66.0,user,track,2,0.0,0.0,0.0,13352,3338,0.2
1,67.0,user,track,2,0.3333333333333333,0.3333333333333333,0.3333333333333333,13352,3338,0.2
1,68.0,user,track,2,0.0,0.0,0.0,13352,3338,0.2
1,69.0,user,track,2,0.0,0.5,0.5,13352,3338,0.2
1,70.0,user,track,2,1.0,1.0,1.0,13352,3338,0.2
1,71.0,user,track,2,0.0,0.0,0.0,13352,3338,0.2
1,72.0,user,track,2,0.0,0.0,0.0,13352,3338,0.2
1,74.0,user,track,2,0.0,0.3333333333333333,0.3333333333333333,13352,3338,0.2
1,75.0,user,track,2,0.0,0.0,0.0,13352,3338,0.2
1,0.0,user,track,3,0.12813538833484436,0.28377153218495016,0.3520701118162587,13352,3338,0.2
1,1.0,user,track,3,0.0,0.0,0.0,13352,3338,0.2
1,2.0,user,track,3,0.0,0.0,0.0,13352,3338,0.2
1,3.0,user,track,3,0.11458333333333333,0.3125,0.3333333333333333,13352,3338,0.2
1,4.0,user,track,3,0.1139240506329114,0.25949367088607594,0.3037974683544304,13352,3338,0.2
1,5.0,user,track,3,0.09444444444444444,0.17777777777777778,0.2111111111111111,13352,3338,0.2
1,6.0,user,track,3,0.08465608465608465,0.21693121693121686,0.2698412698412698,13352,3338,0.2
1,7.0,user,track,3,0.0979381443298969,0.2422680412371134,0.30412371134020616,13352,3338,0.2
1,8.0,user,track,3,0.12626262626262627,0.24242424242424246,0.2828282828282828,13352,3338,0.2
1,9.0,user,track,3,0.125,0.21428571428571427,0.29464285714285715,13352,3338,0.2
1,10.0,user,track,3,0.12,0.23199999999999998,0.28800000000000003,13352,3338,0.2
1,11.0,user,track,3,0.1,0.18,0.23,13352,3338,0.2
1,12.0,user,track,3,0.09482758620689656,0.2413793103448276,0.29310344827586204,13352,3338,0.2
1,13.0,user,track,3,0.13675213675213674,0.2393162393162393,0.29914529914529914,13352,3338,0.2
1,14.0,user,track,3,0.08433734939759037,0.1927710843373494,0.2891566265060241,13352,3338,0.2
1,15.0,user,track,3,0.10843373493975904,0.3373493975903614,0.3975903614457832,13352,3338,0.2
1,16.0,user,track,3,0.14606741573033707,0.2696629213483146,0.3258426966292135,13352,3338,0.2
1,17.0,user,track,3,0.1097560975609756,0.32926829268292684,0.3780487804878049,13352,3338,0.2
1,18.0,user,track,3,0.136986301369863,0.3835616438356164,0.5068493150684932,13352,3338,0.2
1,19.0,user,track,3,0.1153846153846154,0.2564102564102564,0.3205128205128205,13352,3338,0.2
1,20.0,user,track,3,0.2857142857142857,0.4603174603174603,0.5396825396825397,13352,3338,0.2
1,21.0,user,track,3,0.25862068965517243,0.3793103448275862,0.4137931034482759,13352,3338,0.2
1,22.0,user,track,3,0.10638297872340426,0.3191489361702128,0.4680851063829787,13352,3338,0.2
1,23.0,user,track,3,0.12903225806451613,0.3548387096774194,0.4032258064516129,13352,3338,0.2
1,24.0,user,track,3,0.14893617021276595,0.44680851063829785,0.5531914893617021,13352,3338,0.2
1,25.0,user,track,3,0.09090909090909093,0.3090909090909091,0.34545454545454546,13352,3338,0.2
1,26.0,user,track,3,0.13953488372093026,0.372093023255814,0.4186046511627907,13352,3338,0.2
1,27.0,user,track,3,0.20930232558139536,0.3953488372093023,0.4883720930232558,13352,3338,0.2
1,28.0,user,track,3,0.18421052631578946,0.3947368421052632,0.5,13352,3338,0.2
1,29.0,user,track,3,0.23404255319148934,0.40425531914893614,0.5319148936170213,13352,3338,0.2
1,30.0,user,track,3,0.2903225806451613,0.41935483870967744,0.5161290322580645,13352,3338,0.2
1,31.0,user,track,3,0.2258064516129032,0.41935483870967744,0.5161290322580645,13352,3338,0.2
1,32.0,user,track,3,0.15625,0.3125,0.5,13352,3338,0.2
1,33.0,user,track,3,0.14285714285714285,0.37142857142857133,0.4571428571428571,13352,3338,0.2
1,34.0,user,track,3,0.21212121212121213,0.3939393939393939,0.5757575757575758,13352,3338,0.2
1,35.0,user,track,3,0.16129032258064516,0.3225806451612903,0.4838709677419355,13352,3338,0.2
1,36.0,user,track,3,0.2,0.4,0.43333333333333335,13352,3338,0.2
1,37.0,user,track,3,0.047619047619047616,0.4761904761904762,0.4761904761904762,13352,3338,0.2
1,38.0,user,track,3,0.20689655172413796,0.3448275862068966,0.4137931034482759,13352,3338,0.2
1,39.0,user,track,3,0.14814814814814814,0.5185185185185185,0.6666666666666666,13352,3338,0.2
1,40.0,user,track,3,0.19047619047619047,0.42857142857142855,0.5714285714285714,13352,3338,0.2
1,41.0,user,track,3,0.2,0.25,0.35,13352,3338,0.2
1,42.0,user,track,3,0.2,0.4,0.5,13352,3338,0.2
1,43.0,user,track,3,0.1,0.2,0.3,13352,3338,0.2
1,44.0,user,track,3,0.2,0.55,0.65,13352,3338,0.2
1,45.0,user,track,3,0.05555555555555555,0.2222222222222222,0.4444444444444444,13352,3338,0.2
1,46.0,user,track,3,0.05555555555555555,0.2777777777777778,0.3888888888888889,13352,3338,0.2
1,47.0,user,track,3,0.3333333333333333,0.4666666666666667,0.5333333333333333,13352,3338,0.2
1,48.0,user,track,3,0.10526315789473684,0.3684210526315789,0.5789473684210527,13352,3338,0.2
1,49.0,user,track,3,0.3076923076923077,0.3076923076923077,0.5384615384615384,13352,3338,0.2
1,50.0,user,track,3,0.1111111111111111,0.3333333333333333,0.3333333333333333,13352,3338,0.2
1,51.0,user,track,3,0.1,0.4,0.55,13352,3338,0.2
1,52.0,user,track,3,0.38461538461538464,0.6923076923076923,0.6923076923076923,13352,3338,0.2
1,53.0,user,track,3,0.0,0.125,0.375,13352,3338,0.2
1,54.0,user,track,3,0.125,0.375,0.5,13352,3338,0.2
1,55.0,user,track,3,0.09090909090909093,0.2727272727272727,0.3636363636363637,13352,3338,0.2
1,56.0,user,track,3,0.1111111111111111,0.3333333333333333,0.6666666666666666,13352,3338,0.2
1,57.0,user,track,3,0.0,0.3333333333333333,0.4444444444444444,13352,3338,0.2
1,58.0,user,track,3,0.0,0.25,0.25,13352,3338,0.2
1,59.0,user,track,3,0.0,0.5,0.6666666666666666,13352,3338,0.2
1,60.0,user,track,3,0.125,0.5,0.5,13352,3338,0.2
1,61.0,user,track,3,0.4,0.6,0.6,13352,3338,0.2
1,62.0,user,track,3,0.3333333333333333,0.6666666666666666,0.6666666666666666,13352,3338,0.2
1,63.0,user,track,3,0.0,0.3333333333333333,0.3333333333333333,13352,3338,0.2
1,65.0,user,track,3,0.16666666666666666,0.6666666666666666,0.8333333333333334,13352,3338,0.2
1,66.0,user,track,3,0.0,0.0,0.0,13352,3338,0.2
1,67.0,user,track,3,0.3333333333333333,0.3333333333333333,0.3333333333333333,13352,3338,0.2
1,68.0,user,track,3,0.0,0.0,0.0,13352,3338,0.2
1,69.0,user,track,3,0.0,0.5,0.5,13352,3338,0.2
1,70.0,user,track,3,1.0,1.0,1.0,13352,3338,0.2
1,71.0,user,track,3,0.0,0.0,0.0,13352,3338,0.2
1,72.0,user,track,3,0.0,0.0,0.0,13352,3338,0.2
1,74.0,user,track,3,0.0,0.3333333333333333,0.3333333333333333,13352,3338,0.2
1,75.0,user,track,3,0.0,0.0,0.0,13352,3338,0.2
1,0.0,user,track,4,0.1214868540344515,0.2713810818978543,0.3372620126926564,13352,3338,0.2
1,1.0,user,track,4,0.0,0.0,0.0,13352,3338,0.2
1,2.0,user,track,4,0.0,0.0,0.013888888888888888,13352,3338,0.2
1,3.0,user,track,4,0.0,0.0,0.0,13352,3338,0.2
1,4.0,user,track,4,0.10759493670886076,0.2088607594936709,0.2911392405063291,13352,3338,0.2
1,5.0,user,track,4,0.10555555555555556,0.18888888888888888,0.21666666666666667,13352,3338,0.2
1,6.0,user,track,4,0.08465608465608465,0.21164021164021163,0.26455026455026454,13352,3338,0.2
1,7.0,user,track,4,0.09278350515463918,0.211340206185567,0.27319587628865977,13352,3338,0.2
1,8.0,user,track,4,0.11616161616161616,0.25252525252525254,0.29797979797979796,13352,3338,0.2
1,9.0,user,track,4,0.09821428571428571,0.20535714285714285,0.2767857142857143,13352,3338,0.2
1,10.0,user,track,4,0.104,0.192,0.256,13352,3338,0.2
1,11.0,user,track,4,0.08,0.18,0.22,13352,3338,0.2
1,12.0,user,track,4,0.11206896551724138,0.21551724137931033,0.3103448275862069,13352,3338,0.2
1,13.0,user,track,4,0.11965811965811966,0.23931623931623933,0.28205128205128205,13352,3338,0.2
1,14.0,user,track,4,0.08433734939759036,0.2289156626506024,0.27710843373493976,13352,3338,0.2
1,15.0,user,track,4,0.13253012048192772,0.3493975903614458,0.39759036144578314,13352,3338,0.2
1,16.0,user,track,4,0.12359550561797752,0.24719101123595505,0.2808988764044944,13352,3338,0.2
1,17.0,user,track,4,0.12195121951219512,0.3048780487804878,0.3780487804878049,13352,3338,0.2
1,18.0,user,track,4,0.1506849315068493,0.410958904109589,0.5068493150684932,13352,3338,0.2
1,19.0,user,track,4,0.1282051282051282,0.23076923076923078,0.3333333333333333,13352,3338,0.2
1,20.0,user,track,4,0.25396825396825395,0.47619047619047616,0.5396825396825397,13352,3338,0.2
1,21.0,user,track,4,0.2413793103448276,0.3793103448275862,0.43103448275862066,13352,3338,0.2
1,22.0,user,track,4,0.10638297872340426,0.2978723404255319,0.425531914893617,13352,3338,0.2
1,23.0,user,track,4,0.11290322580645161,0.3709677419354839,0.45161290322580644,13352,3338,0.2
1,24.0,user,track,4,0.1702127659574468,0.44680851063829785,0.5531914893617021,13352,3338,0.2
1,25.0,user,track,4,0.09090909090909091,0.3090909090909091,0.34545454545454546,13352,3338,0.2
1,26.0,user,track,4,0.13953488372093023,0.3953488372093023,0.4418604651162791,13352,3338,0.2
1,27.0,user,track,4,0.16279069767441862,0.37209302325581395,0.5116279069767442,13352,3338,0.2
1,28.0,user,track,4,0.18421052631578946,0.42105263157894735,0.5526315789473685,13352,3338,0.2
1,29.0,user,track,4,0.23404255319148937,0.425531914893617,0.48936170212765956,13352,3338,0.2
1,30.0,user,track,4,0.2903225806451613,0.45161290322580644,0.5483870967741935,13352,3338,0.2
1,31.0,user,track,4,0.22580645161290322,0.41935483870967744,0.4838709677419355,13352,3338,0.2
1,32.0,user,track,4,0.1875,0.375,0.46875,13352,3338,0.2
1,33.0,user,track,4,0.11428571428571428,0.37142857142857144,0.45714285714285713,13352,3338,0.2
1,34.0,user,track,4,0.15151515151515152,0.3939393939393939,0.5151515151515151,13352,3338,0.2
1,35.0,user,track,4,0.1935483870967742,0.3225806451612903,0.45161290322580644,13352,3338,0.2
1,36.0,user,track,4,0.26666666666666666,0.4,0.43333333333333335,13352,3338,0.2
1,37.0,user,track,4,0.047619047619047616,0.47619047619047616,0.47619047619047616,13352,3338,0.2
1,38.0,user,track,4,0.20689655172413793,0.3448275862068966,0.41379310344827586,13352,3338,0.2
1,39.0,user,track,4,0.18518518518518517,0.5185185185185185,0.6666666666666666,13352,3338,0.2
1,40.0,user,track,4,0.23809523809523808,0.47619047619047616,0.5714285714285714,13352,3338,0.2
1,41.0,user,track,4,0.2,0.3,0.35,13352,3338,0.2
1,42.0,user,track,4,0.2,0.4,0.5,13352,3338,0.2
1,43.0,user,track,4,0.1,0.25,0.3,13352,3338,0.2
1,44.0,user,track,4,0.1,0.5,0.65,13352,3338,0.2
1,45.0,user,track,4,0.05555555555555555,0.2222222222222222,0.3888888888888889,13352,3338,0.2
1,46.0,user,track,4,0.05555555555555555,0.3333333333333333,0.3888888888888889,13352,3338,0.2
1,47.0,user,track,4,0.3333333333333333,0.4666666666666667,0.5333333333333333,13352,3338,0.2
1,48.0,user,track,4,0.10526315789473684,0.3684210526315789,0.5789473684210527,13352,3338,0.2
1,49.0,user,track,4,0.23076923076923078,0.23076923076923078,0.46153846153846156,13352,3338,0.2
1,50.0,user,track,4,0.1111111111111111,0.3333333333333333,0.3333333333333333,13352,3338,0.2
1,51.0,user,track,4,0.05,0.45,0.5,13352,3338,0.2
1,52.0,user,track,4,0.46153846153846156,0.6153846153846154,0.6923076923076923,13352,3338,0.2
1,53.0,user,track,4,0.0,0.125,0.375,13352,3338,0.2
1,54.0,user,track,4,0.0,0.375,0.5,13352,3338,0.2
1,55.0,user,track,4,0.09090909090909091,0.2727272727272727,0.2727272727272727,13352,3338,0.2
1,56.0,user,track,4,0.1111111111111111,0.3333333333333333,0.6666666666666666,13352,3338,0.2
1,57.0,user,track,4,0.1111111111111111,0.4444444444444444,0.5555555555555556,13352,3338,0.2
1,58.0,user,track,4,0.0,0.25,0.25,13352,3338,0.2
1,59.0,user,track,4,0.0,0.5,0.6666666666666666,13352,3338,0.2
1,60.0,user,track,4,0.125,0.5,0.5,13352,3338,0.2
1,61.0,user,track,4,0.4,0.6,0.8,13352,3338,0.2
1,62.0,user,track,4,0.3333333333333333,0.6666666666666666,0.6666666666666666,13352,3338,0.2
1,63.0,user,track,4,0.0,0.3333333333333333,0.3333333333333333,13352,3338,0.2
1,65.0,user,track,4,0.16666666666666666,0.6666666666666666,0.8333333333333334,13352,3338,0.2
1,66.0,user,track,4,0.0,0.0,0.0,13352,3338,0.2
1,67.0,user,track,4,0.3333333333333333,0.3333333333333333,0.3333333333333333,13352,3338,0.2
1,68.0,user,track,4,0.0,0.0,0.0,13352,3338,0.2
1,69.0,user,track,4,0.0,0.5,0.5,13352,3338,0.2
1,70.0,user,track,4,1.0,1.0,1.0,13352,3338,0.2
1,71.0,user,track,4,0.0,0.0,0.0,13352,3338,0.2
1,72.0,user,track,4,0.0,0.0,0.0,13352,3338,0.2
1,74.0,user,track,4,0.0,0.3333333333333333,0.3333333333333333,13352,3338,0.2
1,75.0,user,track,4,0.0,0.0,0.0,13352,3338,0.2
